{
    "users": [{
        "user_id": 1,
        "name": "User1",
        "email": "user1@email.com",
        "title": "Mr",
        "photo_url": "https://www.hipchat.com/chris.png",
        "address": "1249 Still Street, Mansfield,OH 44902 ",
        "allergies": [{
            "type": "Peanut",
            "detail": "Peanut detail"
        }, {
            "type": "Soy",
            "detail": "soy detail"
        }, {
            "type": "Fur",
            "detail": "soy detail"
        }],
        "bio_mesurements": [{
            "measure": "Blood Presure",
            "value": "117/76   "
        }, {
            "measure": "Blood Glucose (Before meals)",
            "value": "4.4 "
        }, {
            "measure": "Height",
            "value": "176 cm"
        }, {
            "measure": "Weight",
            "value": "76 Kg"
        }],
        "operation_history": [{
            "date": 1381754365000,
            "operation": "Eyes Laser surgery"
        }, {
            "date": 1379162365000,
            "operation": "Gallbladder - gallstones and surgery."
        }],
        "medications": [{
            "date": 1315711352000,
            "list": [{
                "name": "Panadol",
                "dose": "3 tbl/day"
            }, {
                "name": "Paracetamol",
                "dose": "3 tbl/day"
            }]
        }, {
            "date": 1315713342000,
            "list": [{
                "name": "Panadol",
                "dose": "3 tbl/day"
            }, {
                "name": "Paracetamol",
                "dose": "3 tbl/day"
            }]
        }],
        "consultation_history": [{
            "consultation_id": "cslt_1",
            "date": 1389618346000,
            "doctor": "Dr Who",
            "diagnose": "This is a diagnose",
            "treatment": "Treatment",
            "summary": " This is a summary of this consultation"
        }, {
            "consultation_id": "cslt_2",
            "date": 1405256746000,
            "doctor": "Dr Who",
            "diagnose": "",
            "treatment": "This is a diagnose",
            "summary": " This is a summary of this consulation"
        }, {
            "consultation_id": "cslt_3",
            "date": 1410613546000,
            "doctor": "Dr Betty Smith",
            "diagnose": "",
            "treatment": "This is a diagnose",
            "summary": " This is a summary of this consulation"
        }]
    }]
}
